{"is_source_file": true, "format": "JavaScript (React JSX)", "description": "This file defines a React functional component named ConfirmDialog, which renders a modal dialog for user confirmation with customizable title, description, and button texts. It handles user interactions like pressing Escape to dismiss and clicking outside the dialog.", "external_files": [], "external_methods": ["window.addEventListener", "window.removeEventListener"], "published": ["ConfirmDialog"], "classes": [], "methods": [{"name": "ConfirmDialog({ isOpen, title, description, confirmText = \"Confirm\", cancelText = \"Cancel\", destructive = false, onConfirm, onCancel, })", "description": "React functional component rendering a confirmation dialog with customizable props.", "scope": "", "scopeKind": ""}], "calls": ["useEffect", "window.addEventListener", "window.removeEventListener"], "search-terms": ["React", "ConfirmDialog", "modal", "dialog", "useEffect", "keydown", "Escape", "props", "button", "footer"], "state": 2, "file_id": 16, "knowledge_revision": 36, "git_revision": "", "ctags": [{"_type": "tag", "name": "ConfirmDialog", "path": "/home/kavia/workspace/code-generation/simple-notes-app-312508-312524/notes_frontend/src/components/ConfirmDialog.js", "pattern": "/^function ConfirmDialog({$/", "language": "JavaScript", "kind": "function", "signature": "({ isOpen, title, description, confirmText = \"Confirm\", cancelText = \"Cancel\", destructive = false, onConfirm, onCancel, })"}, {"_type": "tag", "name": "btn ${destructive ? \"btnDanger\" : \"btnSolidPrimary\"}", "path": "/home/kavia/workspace/code-generation/simple-notes-app-312508-312524/notes_frontend/src/components/ConfirmDialog.js", "pattern": "/^            className={`btn ${destructive ? \"btnDanger\" : \"btnSolidPrimary\"}`}$/", "language": "JavaScript", "kind": "field", "scope": "ConfirmDialog.className", "scopeKind": "class"}, {"_type": "tag", "name": "onConfirm", "path": "/home/kavia/workspace/code-generation/simple-notes-app-312508-312524/notes_frontend/src/components/ConfirmDialog.js", "pattern": "/^            onClick={onConfirm}$/", "language": "JavaScript", "kind": "field", "scope": "ConfirmDialog.onClick", "scopeKind": "class"}, {"_type": "tag", "name": "title", "path": "/home/kavia/workspace/code-generation/simple-notes-app-312508-312524/notes_frontend/src/components/ConfirmDialog.js", "pattern": "/^      aria-label={title || \"Confirm\"}$/", "language": "JavaScript", "kind": "field", "scope": "ConfirmDialog.aria", "scopeKind": "class"}], "hash": "9c15e73d86ac89843e7813c62d0e420a", "format-version": 4, "code-base-name": "notes_frontend", "filename": "notes_frontend/src/components/ConfirmDialog.js", "fields": [{"name": "className={`btn ${destructive ? \"btnDanger\" : \"btnSolidPrimary\"}`}", "scope": "ConfirmDialog.className", "scopeKind": "class", "description": "unavailable"}, {"name": "onClick={onConfirm}", "scope": "ConfirmDialog.onClick", "scopeKind": "class", "description": "unavailable"}, {"name": "aria-label={title || \"Confirm\"}", "scope": "ConfirmDialog.aria", "scopeKind": "class", "description": "unavailable"}], "revision_history": [{"36": ""}]}