{"is_source_file": true, "format": "JavaScript", "description": "This file sets up custom Jest matchers for testing DOM nodes in a React testing environment.", "external_files": ["@testing-library/jest-dom"], "external_methods": [], "published": [], "classes": [], "methods": [], "calls": ["import '@testing-library/jest-dom'"], "search-terms": ["setupTests.js", "Jest matchers", "dom nodes", "React testing"], "state": 2, "file_id": 8, "knowledge_revision": 23, "git_revision": "efb2bbf49114da372edc9728d73226ffc5d375d5", "ctags": [], "hash": "1a77571e1a8cf36018a41bcedf60db75", "format-version": 4, "code-base-name": "notes_frontend", "filename": "notes_frontend/src/setupTests.js", "revision_history": [{"23": "efb2bbf49114da372edc9728d73226ffc5d375d5"}]}