{"is_source_file": true, "format": "CSS", "description": "This file contains CSS styles and variable definitions for the Notes App's light theme, including styles for layout, buttons, alerts, notes list, and other UI components.", "external_files": [], "external_methods": [], "published": [], "classes": [], "methods": [], "calls": [], "search-terms": ["NotesApp", "light theme", "CSS variables", "note card styles", "button styles", "modal styles", "header styles", "notes grid", "app layout", "UI theming"], "state": 3, "file_id": 6, "knowledge_revision": 27, "git_revision": "efb2bbf49114da372edc9728d73226ffc5d375d5", "hash": "514b40fa3aae296ca1b61f9bdfa35dde", "format-version": 4, "code-base-name": "notes_frontend", "filename": "notes_frontend/src/App.css", "revision_history": [{"27": "efb2bbf49114da372edc9728d73226ffc5d375d5"}, {"41": "937df169c36f0b587bb4e35e2abac830ede73a56"}]}