{"is_source_file": true, "format": "JavaScript", "description": "This is the entry point JavaScript file for a React application that initializes and renders the main App component into the DOM.", "external_files": ["react", "react-dom/client", "./index.css", "./App"], "external_methods": ["ReactDOM.createRoot", "ReactDOM.createRoot().render"], "published": [], "classes": [], "methods": [{"name": "render", "description": "Renders React elements into the DOM using ReactDOM.createRoot and the render method."}], "calls": ["ReactDOM.createRoot", "root.render"], "search-terms": ["React", "ReactDOM", "index.js", "app initialization", "React.StrictMode"], "state": 2, "file_id": 5, "knowledge_revision": 24, "git_revision": "efb2bbf49114da372edc9728d73226ffc5d375d5", "ctags": [{"_type": "tag", "name": "root", "path": "/home/kavia/workspace/code-generation/simple-notes-app-312508-312524/notes_frontend/src/index.js", "pattern": "/^const root = ReactDOM.createRoot(document.getElementById('root'));$/", "language": "JavaScript", "kind": "constant"}], "hash": "9fc5841375336fc175b49f8767a11383", "format-version": 4, "code-base-name": "notes_frontend", "filename": "notes_frontend/src/index.js", "revision_history": [{"24": "efb2bbf49114da372edc9728d73226ffc5d375d5"}]}