{"is_source_file": true, "format": "JavaScript (React JSX)", "description": "Main React component for the simple notes app frontend, managing notes state, API interactions, and rendering UI components.", "external_files": ["./components/NotesList", "./components/NoteEditorModal", "./components/ConfirmDialog", "./api/notes", "./App.css"], "external_methods": ["listNotes", "createNote", "updateNote", "deleteNote"], "published": ["App"], "classes": [], "methods": [{"name": "loadNotes", "description": "Fetches the list of notes from the backend API, updating state with the retrieved data or seed data if the fetch fails."}, {"name": "openCreate", "description": "Prepares UI for creating a new note by resetting state and opening the note editor modal."}, {"name": "openEdit", "description": "Sets the UI state to edit mode for the selected note and opens the editor modal."}, {"name": "closeEditor", "description": "Closes the note editor modal."}, {"name": "requestDelete", "description": "Opens the confirmation dialog for deleting a specified note."}, {"name": "closeConfirm", "description": "Closes the delete confirmation dialog."}, {"name": "handleSave", "description": "Handles creating or updating a note through API calls and updates UI state accordingly."}, {"name": "confirmDelete", "description": "Confirms deletion of a note via API call and updates UI state."}, {"name": "App()", "scope": "", "scopeKind": "", "description": "unavailable"}], "calls": ["listNotes", "createNote", "updateNote", "deleteNote"], "search-terms": ["NotesList", "NoteEditorModal", "ConfirmDialog", "useState", "useEffect", "loadNotes", "note", "createNote", "updateNote", "deleteNote"], "state": 2, "file_id": 4, "knowledge_revision": 40, "git_revision": "937df169c36f0b587bb4e35e2abac830ede73a56", "revision_history": [{"25": "efb2bbf49114da372edc9728d73226ffc5d375d5"}, {"26": "efb2bbf49114da372edc9728d73226ffc5d375d5"}, {"40": "937df169c36f0b587bb4e35e2abac830ede73a56"}], "ctags": [{"_type": "tag", "name": "App", "path": "/home/kavia/workspace/code-generation/simple-notes-app-312508-312524/notes_frontend/src/App.js", "pattern": "/^function App() {$/", "language": "JavaScript", "kind": "function", "signature": "()"}, {"_type": "tag", "name": "activeNote", "path": "/home/kavia/workspace/code-generation/simple-notes-app-312508-312524/notes_frontend/src/App.js", "pattern": "/^        note={activeNote}$/", "language": "JavaScript", "kind": "field", "scope": "App.note", "scopeKind": "class"}, {"_type": "tag", "name": "activeNoteId", "path": "/home/kavia/workspace/code-generation/simple-notes-app-312508-312524/notes_frontend/src/App.js", "pattern": "/^          selectedNoteId={activeNoteId}$/", "language": "JavaScript", "kind": "field", "scope": "App.selectedNoteId", "scopeKind": "class"}, {"_type": "tag", "name": "closeConfirm", "path": "/home/kavia/workspace/code-generation/simple-notes-app-312508-312524/notes_frontend/src/App.js", "pattern": "/^        onCancel={closeConfirm}$/", "language": "JavaScript", "kind": "field", "scope": "App.destructive", "scopeKind": "class"}, {"_type": "tag", "name": "closeEditor", "path": "/home/kavia/workspace/code-generation/simple-notes-app-312508-312524/notes_frontend/src/App.js", "pattern": "/^        onClose={closeEditor}$/", "language": "JavaScript", "kind": "field", "scope": "App.onClose", "scopeKind": "class"}, {"_type": "tag", "name": "confirmDelete", "path": "/home/kavia/workspace/code-generation/simple-notes-app-312508-312524/notes_frontend/src/App.js", "pattern": "/^        onConfirm={confirmDelete}$/", "language": "JavaScript", "kind": "field", "scope": "App.onConfirm", "scopeKind": "class"}, {"_type": "tag", "name": "confirmState", "path": "/home/kavia/workspace/code-generation/simple-notes-app-312508-312524/notes_frontend/src/App.js", "pattern": "/^        isOpen={confirmState.isOpen}$/", "language": "JavaScript", "kind": "field", "scope": "App.isOpen", "scopeKind": "class"}, {"_type": "tag", "name": "editorMode", "path": "/home/kavia/workspace/code-generation/simple-notes-app-312508-312524/notes_frontend/src/App.js", "pattern": "/^        mode={editorMode}$/", "language": "JavaScript", "kind": "field", "scope": "App.mode", "scopeKind": "class"}, {"_type": "tag", "name": "errorMessage", "path": "/home/kavia/workspace/code-generation/simple-notes-app-312508-312524/notes_frontend/src/App.js", "pattern": "/^          errorMessage={errorMessage}$/", "language": "JavaScript", "kind": "field", "scope": "App.errorMessage", "scopeKind": "class"}, {"_type": "tag", "name": "handleSave", "path": "/home/kavia/workspace/code-generation/simple-notes-app-312508-312524/notes_frontend/src/App.js", "pattern": "/^        onSave={handleSave}$/", "language": "JavaScript", "kind": "field", "scope": "App.onSave", "scopeKind": "class"}, {"_type": "tag", "name": "isEditorOpen", "path": "/home/kavia/workspace/code-generation/simple-notes-app-312508-312524/notes_frontend/src/App.js", "pattern": "/^        isOpen={isEditorOpen}$/", "language": "JavaScript", "kind": "field", "scope": "App.isOpen", "scopeKind": "class"}, {"_type": "tag", "name": "isLoading", "path": "/home/kavia/workspace/code-generation/simple-notes-app-312508-312524/notes_frontend/src/App.js", "pattern": "/^            disabled={isLoading}$/", "language": "JavaScript", "kind": "field", "scope": "App.disabled", "scopeKind": "class"}, {"_type": "tag", "name": "isLoading", "path": "/home/kavia/workspace/code-generation/simple-notes-app-312508-312524/notes_frontend/src/App.js", "pattern": "/^          isLoading={isLoading}$/", "language": "JavaScript", "kind": "field", "scope": "App.isLoading", "scopeKind": "class"}, {"_type": "tag", "name": "isLoading", "path": "/home/kavia/workspace/code-generation/simple-notes-app-312508-312524/notes_frontend/src/App.js", "pattern": "/^        disabled={isLoading}$/", "language": "JavaScript", "kind": "field", "scope": "App.disabled", "scopeKind": "class"}, {"_type": "tag", "name": "isLoading", "path": "/home/kavia/workspace/code-generation/simple-notes-app-312508-312524/notes_frontend/src/App.js", "pattern": "/^        isSaving={isLoading}$/", "language": "JavaScript", "kind": "field", "scope": "App.isSaving", "scopeKind": "class"}, {"_type": "tag", "name": "notes", "path": "/home/kavia/workspace/code-generation/simple-notes-app-312508-312524/notes_frontend/src/App.js", "pattern": "/^          notes={notes}$/", "language": "JavaScript", "kind": "field", "scope": "App.notes", "scopeKind": "class"}, {"_type": "tag", "name": "openCreate", "path": "/home/kavia/workspace/code-generation/simple-notes-app-312508-312524/notes_frontend/src/App.js", "pattern": "/^            onClick={openCreate}$/", "language": "JavaScript", "kind": "field", "scope": "App.onClick", "scopeKind": "class"}, {"_type": "tag", "name": "openCreate", "path": "/home/kavia/workspace/code-generation/simple-notes-app-312508-312524/notes_frontend/src/App.js", "pattern": "/^          onCreateNote={openCreate}$/", "language": "JavaScript", "kind": "field", "scope": "App.onCreateNote", "scopeKind": "class"}, {"_type": "tag", "name": "openCreate", "path": "/home/kavia/workspace/code-generation/simple-notes-app-312508-312524/notes_frontend/src/App.js", "pattern": "/^        onClick={openCreate}$/", "language": "JavaScript", "kind": "field", "scope": "App.onClick", "scopeKind": "class"}, {"_type": "tag", "name": "seedNotes", "path": "/home/kavia/workspace/code-generation/simple-notes-app-312508-312524/notes_frontend/src/App.js", "pattern": "/^const seedNotes = [$/", "language": "JavaScript", "kind": "constant"}], "hash": "5a77fa9763d5cc963b88414785b549e2", "format-version": 4, "code-base-name": "notes_frontend", "filename": "notes_frontend/src/App.js", "fields": [{"name": "note={activeNote}", "scope": "App.note", "scopeKind": "class", "description": "unavailable"}, {"name": "selectedNoteId={activeNoteId}", "scope": "App.selectedNoteId", "scopeKind": "class", "description": "unavailable"}, {"name": "onCancel={closeConfirm}", "scope": "App.destructive", "scopeKind": "class", "description": "unavailable"}, {"name": "onClose={closeEditor}", "scope": "App.onClose", "scopeKind": "class", "description": "unavailable"}, {"name": "onConfirm={confirmDelete}", "scope": "App.onConfirm", "scopeKind": "class", "description": "unavailable"}, {"name": "isOpen={confirmState.isOpen}", "scope": "App.isOpen", "scopeKind": "class", "description": "unavailable"}, {"name": "mode={editorMode}", "scope": "App.mode", "scopeKind": "class", "description": "unavailable"}, {"name": "errorMessage={errorMessage}", "scope": "App.errorMessage", "scopeKind": "class", "description": "unavailable"}, {"name": "onSave={handleSave}", "scope": "App.onSave", "scopeKind": "class", "description": "unavailable"}, {"name": "isOpen={isEditorOpen}", "scope": "App.isOpen", "scopeKind": "class", "description": "unavailable"}, {"name": "disabled={isLoading}", "scope": "App.disabled", "scopeKind": "class", "description": "unavailable"}, {"name": "isLoading={isLoading}", "scope": "App.isLoading", "scopeKind": "class", "description": "unavailable"}, {"name": "isSaving={isLoading}", "scope": "App.isSaving", "scopeKind": "class", "description": "unavailable"}, {"name": "notes={notes}", "scope": "App.notes", "scopeKind": "class", "description": "unavailable"}, {"name": "onClick={openCreate}", "scope": "App.onClick", "scopeKind": "class", "description": "unavailable"}, {"name": "onCreateNote={openCreate}", "scope": "App.onCreateNote", "scopeKind": "class", "description": "unavailable"}]}