{"is_source_file": true, "format": "JavaScript", "description": "A React component named NotesList for displaying a list of notes with UI interactions such as creating, selecting, editing, and deleting notes.", "external_files": ["./NoteItem"], "external_methods": ["NoteItem"], "published": ["NotesList"], "classes": [], "methods": [{"name": "NotesList({ notes, selectedNoteId, isLoading, errorMessage, onSelectNote, onEditNote, onDeleteNote, onCreateNote, })", "description": "React functional component that renders a list of notes along with UI controls for creating, loading, and handling notes.", "scope": "", "scopeKind": ""}], "calls": ["React", "NoteItem", "notes.map", "onCreateNote", "onSelectNote", "onEditNote", "onDeleteNote"], "search-terms": ["NotesList", "React notes list component", "NoteItem", "notes array rendering", "create note button"], "state": 2, "file_id": 13, "knowledge_revision": 29, "git_revision": "", "ctags": [{"_type": "tag", "name": "NotesList", "path": "/home/kavia/workspace/code-generation/simple-notes-app-312508-312524/notes_frontend/src/components/NotesList.js", "pattern": "/^function NotesList({$/", "language": "JavaScript", "kind": "function", "signature": "({ notes, selectedNoteId, isLoading, errorMessage, onSelectNote, onEditNote, onDeleteNote, onCreateNote, })"}, {"_type": "tag", "name": "isLoading", "path": "/home/kavia/workspace/code-generation/simple-notes-app-312508-312524/notes_frontend/src/components/NotesList.js", "pattern": "/^          disabled={isLoading}$/", "language": "JavaScript", "kind": "field", "scope": "NotesList.disabled", "scopeKind": "class"}, {"_type": "tag", "name": "onCreateNote", "path": "/home/kavia/workspace/code-generation/simple-notes-app-312508-312524/notes_frontend/src/components/NotesList.js", "pattern": "/^          onClick={onCreateNote}$/", "language": "JavaScript", "kind": "field", "scope": "NotesList.onClick", "scopeKind": "class"}], "hash": "70c3f38ddd9263beea4bb77e2a91cd65", "format-version": 4, "code-base-name": "notes_frontend", "filename": "notes_frontend/src/components/NotesList.js", "fields": [{"name": "disabled={isLoading}", "scope": "NotesList.disabled", "scopeKind": "class", "description": "unavailable"}, {"name": "onClick={onCreateNote}", "scope": "NotesList.onClick", "scopeKind": "class", "description": "unavailable"}], "revision_history": [{"29": ""}]}