{"is_source_file": true, "format": "JavaScript", "description": "React component 'NoteItem' representing a note card with title, content preview, and actions such as edit and delete. It displays note metadata like last updated or created date.", "external_files": [], "external_methods": ["React", "useMemo"], "published": ["NoteItem"], "classes": [], "methods": [{"name": "formatDate(iso)", "description": "Formats an ISO date string into a short date format for display.", "scope": "", "scopeKind": ""}, {"name": "NoteItem({ note, selected, onSelect, onEdit, onDelete })", "description": "React functional component that renders a note item with title, content preview, and action buttons.", "scope": "", "scopeKind": ""}], "calls": ["React", "React.useMemo", "d.getTime", "d.toLocaleDateString"], "search-terms": ["NoteItem", "React", "noteCard", "content preview", "formatDate", "useMemo", "note", "onEdit", "onDelete"], "state": 2, "file_id": 14, "knowledge_revision": 31, "git_revision": "", "ctags": [{"_type": "tag", "name": "0", "path": "/home/kavia/workspace/code-generation/simple-notes-app-312508-312524/notes_frontend/src/components/NoteItem.js", "pattern": "/^      tabIndex={0}$/", "language": "JavaScript", "kind": "field", "scope": "NoteItem.tabIndex", "scopeKind": "class"}, {"_type": "tag", "name": "NoteItem", "path": "/home/kavia/workspace/code-generation/simple-notes-app-312508-312524/notes_frontend/src/components/NoteItem.js", "pattern": "/^function NoteItem({ note, selected, onSelect, onEdit, onDelete }) {$/", "language": "JavaScript", "kind": "function", "signature": "({ note, selected, onSelect, onEdit, onDelete })"}, {"_type": "tag", "name": "formatDate", "path": "/home/kavia/workspace/code-generation/simple-notes-app-312508-312524/notes_frontend/src/components/NoteItem.js", "pattern": "/^function formatDate(iso) {$/", "language": "JavaScript", "kind": "function", "signature": "(iso)"}, {"_type": "tag", "name": "noteCard ${selected ? \"noteCard--selected\" : \"\"}", "path": "/home/kavia/workspace/code-generation/simple-notes-app-312508-312524/notes_frontend/src/components/NoteItem.js", "pattern": "/^      className={`noteCard ${selected ? \"noteCard--selected\" : \"\"}`}$/", "language": "JavaScript", "kind": "field", "scope": "NoteItem.className", "scopeKind": "class"}, {"_type": "tag", "name": "onSelect", "path": "/home/kavia/workspace/code-generation/simple-notes-app-312508-312524/notes_frontend/src/components/NoteItem.js", "pattern": "/^      onClick={onSelect}$/", "language": "JavaScript", "kind": "field", "scope": "NoteItem.onClick", "scopeKind": "class"}, {"_type": "tag", "name": "title || \"\"}", "path": "/home/kavia/workspace/code-generation/simple-notes-app-312508-312524/notes_frontend/src/components/NoteItem.js", "pattern": "/^      aria-label={`Open note ${note?.title || \"\"}`}$/", "language": "JavaScript", "kind": "field", "scope": "NoteItem.aria.Open note ${note?", "scopeKind": "class"}], "hash": "1c3cdf659229baf827ee637d6149993b", "format-version": 4, "code-base-name": "notes_frontend", "filename": "notes_frontend/src/components/NoteItem.js", "fields": [{"name": "tabIndex={0}", "scope": "NoteItem.tabIndex", "scopeKind": "class", "description": "unavailable"}, {"name": "className={`noteCard ${selected ? \"noteCard--selected\" : \"\"}`}", "scope": "NoteItem.className", "scopeKind": "class", "description": "unavailable"}, {"name": "onClick={onSelect}", "scope": "NoteItem.onClick", "scopeKind": "class", "description": "unavailable"}, {"name": "aria-label={`Open note ${note?.title || \"\"}`}", "scope": "NoteItem.aria.Open note ${note?", "scopeKind": "class", "description": "unavailable"}], "revision_history": [{"31": ""}]}