{"is_source_file": true, "format": "JavaScript (React component)", "description": "This file defines a React functional component 'NoteEditorModal' used for creating and editing notes within a modal dialog. It manages form state, input validation, focus management, and accessibility features, and handles user interactions for saving or canceling note edits.", "external_files": ["react"], "external_methods": ["React.useState", "React.useEffect", "React.useMemo", "React.useRef"], "published": ["NoteEditorModal"], "classes": [], "methods": [{"name": "NoteEditorModal({ isOpen, mode, note, isSaving, onClose, onSave })", "description": "Main functional component for rendering a modal dialog to create or edit notes, managing form states, validation, and user interactions.", "scope": "", "scopeKind": ""}], "calls": ["React.useState", "React.useEffect", "React.useMemo", "React.useRef", "window.setTimeout", "window.addEventListener", "window.removeEventListener"], "search-terms": ["NoteEditorModal", "React functional component", "UseEffect form initialization", "Focus on input after open", "Validation title field", "Modal overlay click", "Accessible dialog"], "state": 2, "file_id": 15, "knowledge_revision": 33, "git_revision": "", "ctags": [{"_type": "tag", "name": "NoteEditorModal", "path": "/home/kavia/workspace/code-generation/simple-notes-app-312508-312524/notes_frontend/src/components/NoteEditorModal.js", "pattern": "/^function NoteEditorModal({ isOpen, mode, note, isSaving, onClose, onSave }) {$/", "language": "JavaScript", "kind": "function", "signature": "({ isOpen, mode, note, isSaving, onClose, onSave })"}, {"_type": "tag", "name": "content", "path": "/home/kavia/workspace/code-generation/simple-notes-app-312508-312524/notes_frontend/src/components/NoteEditorModal.js", "pattern": "/^const initialDraft = { title: \"\", content: \"\" };$/", "language": "JavaScript", "kind": "property", "scope": "initialDraft", "scopeKind": "class"}, {"_type": "tag", "name": "draft", "path": "/home/kavia/workspace/code-generation/simple-notes-app-312508-312524/notes_frontend/src/components/NoteEditorModal.js", "pattern": "/^                value={draft.content}$/", "language": "JavaScript", "kind": "field", "scope": "NoteEditorModal.value", "scopeKind": "class"}, {"_type": "tag", "name": "draft", "path": "/home/kavia/workspace/code-generation/simple-notes-app-312508-312524/notes_frontend/src/components/NoteEditorModal.js", "pattern": "/^                value={draft.title}$/", "language": "JavaScript", "kind": "field", "scope": "NoteEditorModal.value", "scopeKind": "class"}, {"_type": "tag", "name": "initialDraft", "path": "/home/kavia/workspace/code-generation/simple-notes-app-312508-312524/notes_frontend/src/components/NoteEditorModal.js", "pattern": "/^const initialDraft = { title: \"\", content: \"\" };$/", "language": "JavaScript", "kind": "class"}, {"_type": "tag", "name": "isEdit", "path": "/home/kavia/workspace/code-generation/simple-notes-app-312508-312524/notes_frontend/src/components/NoteEditorModal.js", "pattern": "/^      aria-label={isEdit ? \"Edit note\" : \"Create note\"}$/", "language": "JavaScript", "kind": "field", "scope": "NoteEditorModal.aria", "scopeKind": "class"}, {"_type": "tag", "name": "isSaving", "path": "/home/kavia/workspace/code-generation/simple-notes-app-312508-312524/notes_frontend/src/components/NoteEditorModal.js", "pattern": "/^                disabled={isSaving}$/", "language": "JavaScript", "kind": "field", "scope": "NoteEditorModal.disabled", "scopeKind": "class"}, {"_type": "tag", "name": "title", "path": "/home/kavia/workspace/code-generation/simple-notes-app-312508-312524/notes_frontend/src/components/NoteEditorModal.js", "pattern": "/^const initialDraft = { title: \"\", content: \"\" };$/", "language": "JavaScript", "kind": "property", "scope": "initialDraft", "scopeKind": "class"}, {"_type": "tag", "name": "titleError", "path": "/home/kavia/workspace/code-generation/simple-notes-app-312508-312524/notes_frontend/src/components/NoteEditorModal.js", "pattern": "/^                aria-describedby={titleError ? \"note-title-error\" : undefined}$/", "language": "JavaScript", "kind": "field", "scope": "NoteEditorModal.aria", "scopeKind": "class"}, {"_type": "tag", "name": "titleInputRef", "path": "/home/kavia/workspace/code-generation/simple-notes-app-312508-312524/notes_frontend/src/components/NoteEditorModal.js", "pattern": "/^                ref={titleInputRef}$/", "language": "JavaScript", "kind": "field", "scope": "NoteEditorModal.ref", "scopeKind": "class"}], "hash": "5911c33f5469fd2406ca776ddc7b66d3", "format-version": 4, "code-base-name": "notes_frontend", "filename": "notes_frontend/src/components/NoteEditorModal.js", "fields": [{"name": "const initialDraft = { title: \"\", content: \"\" };", "scope": "initialDraft", "scopeKind": "class", "description": "unavailable"}, {"name": "value={draft.content}", "scope": "NoteEditorModal.value", "scopeKind": "class", "description": "unavailable"}, {"name": "value={draft.title}", "scope": "NoteEditorModal.value", "scopeKind": "class", "description": "unavailable"}, {"name": "aria-label={isEdit ? \"Edit note\" : \"Create note\"}", "scope": "NoteEditorModal.aria", "scopeKind": "class", "description": "unavailable"}, {"name": "disabled={isSaving}", "scope": "NoteEditorModal.disabled", "scopeKind": "class", "description": "unavailable"}, {"name": "aria-describedby={titleError ? \"note-title-error\" : undefined}", "scope": "NoteEditorModal.aria", "scopeKind": "class", "description": "unavailable"}, {"name": "ref={titleInputRef}", "scope": "NoteEditorModal.ref", "scopeKind": "class", "description": "unavailable"}], "revision_history": [{"33": ""}]}