{"is_source_file": true, "format": "JavaScript", "description": "This file is a JavaScript module providing client-side functions to interact with a Notes API backend. It includes functions to list, retrieve, create, update, and delete notes, with logic for handling API base URLs, request errors, and JSON responses.", "external_files": ["fetch API (built-in)", "process.env (environment variables)"], "external_methods": ["fetch"], "published": ["listNotes", "getNote", "createNote", "updateNote", "deleteNote"], "classes": [], "methods": [{"name": "getApiBaseUrl()", "description": "Determines the API base URL based on environment variables or default fallback.", "scope": "", "scopeKind": ""}, {"name": "parseErrorResponse(res)", "description": "Parses error responses from the server, attempting JSON parsing or falling back to text.", "scope": "", "scopeKind": ""}, {"name": "request(path, options = {})", "description": "Sends an HTTP request to the API, handles errors, and returns JSON or null for 204 responses.", "scope": "", "scopeKind": ""}, {"name": "listNotes()", "description": "Fetches all notes ordered by the backend.", "scope": "", "scopeKind": ""}, {"name": "getNote(id)", "description": "Fetches a single note by its ID.", "scope": "", "scopeKind": ""}, {"name": "createNote({ title, content })", "description": "Creates a new note with provided title and content.", "scope": "", "scopeKind": ""}, {"name": "updateNote(id, { title, content })", "description": "Updates/replaces the title and content of an existing note by ID.", "scope": "", "scopeKind": ""}, {"name": "deleteNote(id)", "description": "Deletes a note by its ID.", "scope": "", "scopeKind": ""}], "calls": ["fetch", "process.env.REACT_APP_BACKEND_URL", "process.env.REACT_APP_API_BASE", "res.headers.get", "res.json", "res.text", "encodeURIComponent"], "search-terms": ["notes_api_client", "request handling", "React environment variables", "Notes CRUD functions"], "state": 2, "file_id": 17, "knowledge_revision": 39, "git_revision": "", "ctags": [{"_type": "tag", "name": "DEFAULT_BASE_URL", "path": "/home/kavia/workspace/code-generation/simple-notes-app-312508-312524/notes_frontend/src/api/notes.js", "pattern": "/^const DEFAULT_BASE_URL = \"http:\\/\\/localhost:8000\";$/", "language": "JavaScript", "kind": "constant"}, {"_type": "tag", "name": "createNote", "path": "/home/kavia/workspace/code-generation/simple-notes-app-312508-312524/notes_frontend/src/api/notes.js", "pattern": "/^export async function createNote({ title, content }) {$/", "language": "JavaScript", "kind": "function", "signature": "({ title, content })"}, {"_type": "tag", "name": "deleteNote", "path": "/home/kavia/workspace/code-generation/simple-notes-app-312508-312524/notes_frontend/src/api/notes.js", "pattern": "/^export async function deleteNote(id) {$/", "language": "JavaScript", "kind": "function", "signature": "(id)"}, {"_type": "tag", "name": "getApiBaseUrl", "path": "/home/kavia/workspace/code-generation/simple-notes-app-312508-312524/notes_frontend/src/api/notes.js", "pattern": "/^function getApiBaseUrl() {$/", "language": "JavaScript", "kind": "function", "signature": "()"}, {"_type": "tag", "name": "getNote", "path": "/home/kavia/workspace/code-generation/simple-notes-app-312508-312524/notes_frontend/src/api/notes.js", "pattern": "/^export async function getNote(id) {$/", "language": "JavaScript", "kind": "function", "signature": "(id)"}, {"_type": "tag", "name": "listNotes", "path": "/home/kavia/workspace/code-generation/simple-notes-app-312508-312524/notes_frontend/src/api/notes.js", "pattern": "/^export async function listNotes() {$/", "language": "JavaScript", "kind": "function", "signature": "()"}, {"_type": "tag", "name": "parseErrorResponse", "path": "/home/kavia/workspace/code-generation/simple-notes-app-312508-312524/notes_frontend/src/api/notes.js", "pattern": "/^async function parseErrorResponse(res) {$/", "language": "JavaScript", "kind": "function", "signature": "(res)"}, {"_type": "tag", "name": "request", "path": "/home/kavia/workspace/code-generation/simple-notes-app-312508-312524/notes_frontend/src/api/notes.js", "pattern": "/^async function request(path, options = {}) {$/", "language": "JavaScript", "kind": "function", "signature": "(path, options = {})"}, {"_type": "tag", "name": "updateNote", "path": "/home/kavia/workspace/code-generation/simple-notes-app-312508-312524/notes_frontend/src/api/notes.js", "pattern": "/^export async function updateNote(id, { title, content }) {$/", "language": "JavaScript", "kind": "function", "signature": "(id, { title, content })"}], "hash": "d7b84f9ba06fed837320f8d24be8f20d", "format-version": 4, "code-base-name": "notes_frontend", "filename": "notes_frontend/src/api/notes.js", "revision_history": [{"39": ""}]}