{"is_source_file": false, "format": "", "description": "", "external_files": [], "external_methods": [], "published": [], "classes": [], "methods": [], "calls": [], "search-terms": ["CSS", "theme", "App", "CSS Variables", ":root", "dark theme", "light theme", "button", "responsive", "@media"], "state": 2, "file_id": 6, "knowledge_revision": 17, "git_revision": "efb2bbf49114da372edc9728d73226ffc5d375d5", "hash": "22f9e17cc1848b56dbb244518ac2707e", "format-version": 4, "code-base-name": "notes_frontend", "filename": "notes_frontend/src/App.css", "revision_history": [{"17": "efb2bbf49114da372edc9728d73226ffc5d375d5"}]}