{"is_source_file": true, "format": "JavaScript", "description": "React component for a simple notes application, managing notes state, UI interactions, and placeholder API handlers.", "external_files": ["./App.css", "./components/NotesList", "./components/NoteEditorModal", "./components/ConfirmDialog"], "external_methods": ["React.useMemo", "React.useState"], "published": ["App"], "classes": [], "methods": [{"name": "openCreate", "description": "Opens the note creation modal, setting mode to 'create' and resetting active note."}, {"name": "openEdit", "description": "Opens the note editing modal for a specific note id, setting mode to 'edit'."}, {"name": "closeEditor", "description": "Closes the note editor modal."}, {"name": "requestDelete", "description": "Triggers the delete confirmation dialog for a specific note."}, {"name": "closeConfirm", "description": "Closes the delete confirmation dialog."}, {"name": "handleSave", "description": "Handles saving a note, either creating or updating, with placeholder for API calls."}, {"name": "confirmDelete", "description": "Confirms deletion of a note, removing it from state with placeholder for API integration."}, {"name": "App()", "scope": "", "scopeKind": "", "description": "unavailable"}], "calls": ["setNotes", "setIsEditorOpen", "setActiveNoteId", "setEditorMode", "setConfirmState", "setErrorMessage", "setIsLoading", "setNotes", "setActiveNoteId", "closeConfirm", "setErrorMessage"], "search-terms": ["React notes app", "notes state management", "example notes CRUD", "local notes UI", "NotesList component", "NoteEditorModal component", "ConfirmDialog component"], "state": 2, "file_id": 4, "knowledge_revision": 26, "git_revision": "efb2bbf49114da372edc9728d73226ffc5d375d5", "revision_history": [{"25": "efb2bbf49114da372edc9728d73226ffc5d375d5"}, {"26": "efb2bbf49114da372edc9728d73226ffc5d375d5"}], "ctags": [{"_type": "tag", "name": "App", "path": "/home/kavia/workspace/code-generation/simple-notes-app-312508-312524/notes_frontend/src/App.js", "pattern": "/^function App() {$/", "language": "JavaScript", "kind": "function", "signature": "()"}, {"_type": "tag", "name": "activeNote", "path": "/home/kavia/workspace/code-generation/simple-notes-app-312508-312524/notes_frontend/src/App.js", "pattern": "/^        note={activeNote}$/", "language": "JavaScript", "kind": "field", "scope": "App.note", "scopeKind": "class"}, {"_type": "tag", "name": "activeNoteId", "path": "/home/kavia/workspace/code-generation/simple-notes-app-312508-312524/notes_frontend/src/App.js", "pattern": "/^          selectedNoteId={activeNoteId}$/", "language": "JavaScript", "kind": "field", "scope": "App.selectedNoteId", "scopeKind": "class"}, {"_type": "tag", "name": "closeConfirm", "path": "/home/kavia/workspace/code-generation/simple-notes-app-312508-312524/notes_frontend/src/App.js", "pattern": "/^        onCancel={closeConfirm}$/", "language": "JavaScript", "kind": "field", "scope": "App.destructive", "scopeKind": "class"}, {"_type": "tag", "name": "closeEditor", "path": "/home/kavia/workspace/code-generation/simple-notes-app-312508-312524/notes_frontend/src/App.js", "pattern": "/^        onClose={closeEditor}$/", "language": "JavaScript", "kind": "field", "scope": "App.onClose", "scopeKind": "class"}, {"_type": "tag", "name": "confirmDelete", "path": "/home/kavia/workspace/code-generation/simple-notes-app-312508-312524/notes_frontend/src/App.js", "pattern": "/^        onConfirm={confirmDelete}$/", "language": "JavaScript", "kind": "field", "scope": "App.onConfirm", "scopeKind": "class"}, {"_type": "tag", "name": "confirmState", "path": "/home/kavia/workspace/code-generation/simple-notes-app-312508-312524/notes_frontend/src/App.js", "pattern": "/^        isOpen={confirmState.isOpen}$/", "language": "JavaScript", "kind": "field", "scope": "App.isOpen", "scopeKind": "class"}, {"_type": "tag", "name": "editorMode", "path": "/home/kavia/workspace/code-generation/simple-notes-app-312508-312524/notes_frontend/src/App.js", "pattern": "/^        mode={editorMode}$/", "language": "JavaScript", "kind": "field", "scope": "App.mode", "scopeKind": "class"}, {"_type": "tag", "name": "errorMessage", "path": "/home/kavia/workspace/code-generation/simple-notes-app-312508-312524/notes_frontend/src/App.js", "pattern": "/^          errorMessage={errorMessage}$/", "language": "JavaScript", "kind": "field", "scope": "App.errorMessage", "scopeKind": "class"}, {"_type": "tag", "name": "handleSave", "path": "/home/kavia/workspace/code-generation/simple-notes-app-312508-312524/notes_frontend/src/App.js", "pattern": "/^        onSave={handleSave}$/", "language": "JavaScript", "kind": "field", "scope": "App.onSave", "scopeKind": "class"}, {"_type": "tag", "name": "id", "path": "/home/kavia/workspace/code-generation/simple-notes-app-312508-312524/notes_frontend/src/App.js", "pattern": "/^          id: `local_${Date.now()}`,$/", "language": "JavaScript", "kind": "property", "scope": "App.newNote", "scopeKind": "class"}, {"_type": "tag", "name": "isEditorOpen", "path": "/home/kavia/workspace/code-generation/simple-notes-app-312508-312524/notes_frontend/src/App.js", "pattern": "/^        isOpen={isEditorOpen}$/", "language": "JavaScript", "kind": "field", "scope": "App.isOpen", "scopeKind": "class"}, {"_type": "tag", "name": "isLoading", "path": "/home/kavia/workspace/code-generation/simple-notes-app-312508-312524/notes_frontend/src/App.js", "pattern": "/^            disabled={isLoading}$/", "language": "JavaScript", "kind": "field", "scope": "App.disabled", "scopeKind": "class"}, {"_type": "tag", "name": "isLoading", "path": "/home/kavia/workspace/code-generation/simple-notes-app-312508-312524/notes_frontend/src/App.js", "pattern": "/^          isLoading={isLoading}$/", "language": "JavaScript", "kind": "field", "scope": "App.isLoading", "scopeKind": "class"}, {"_type": "tag", "name": "isLoading", "path": "/home/kavia/workspace/code-generation/simple-notes-app-312508-312524/notes_frontend/src/App.js", "pattern": "/^        disabled={isLoading}$/", "language": "JavaScript", "kind": "field", "scope": "App.disabled", "scopeKind": "class"}, {"_type": "tag", "name": "isLoading", "path": "/home/kavia/workspace/code-generation/simple-notes-app-312508-312524/notes_frontend/src/App.js", "pattern": "/^        isSaving={isLoading}$/", "language": "JavaScript", "kind": "field", "scope": "App.isSaving", "scopeKind": "class"}, {"_type": "tag", "name": "newNote", "path": "/home/kavia/workspace/code-generation/simple-notes-app-312508-312524/notes_frontend/src/App.js", "pattern": "/^        const newNote = {$/", "language": "JavaScript", "kind": "class", "scope": "App", "scopeKind": "class"}, {"_type": "tag", "name": "notes", "path": "/home/kavia/workspace/code-generation/simple-notes-app-312508-312524/notes_frontend/src/App.js", "pattern": "/^          notes={notes}$/", "language": "JavaScript", "kind": "field", "scope": "App.notes", "scopeKind": "class"}, {"_type": "tag", "name": "openCreate", "path": "/home/kavia/workspace/code-generation/simple-notes-app-312508-312524/notes_frontend/src/App.js", "pattern": "/^            onClick={openCreate}$/", "language": "JavaScript", "kind": "field", "scope": "App.onClick", "scopeKind": "class"}, {"_type": "tag", "name": "openCreate", "path": "/home/kavia/workspace/code-generation/simple-notes-app-312508-312524/notes_frontend/src/App.js", "pattern": "/^          onCreateNote={openCreate}$/", "language": "JavaScript", "kind": "field", "scope": "App.onCreateNote", "scopeKind": "class"}, {"_type": "tag", "name": "openCreate", "path": "/home/kavia/workspace/code-generation/simple-notes-app-312508-312524/notes_frontend/src/App.js", "pattern": "/^        onClick={openCreate}$/", "language": "JavaScript", "kind": "field", "scope": "App.onClick", "scopeKind": "class"}, {"_type": "tag", "name": "seedNotes", "path": "/home/kavia/workspace/code-generation/simple-notes-app-312508-312524/notes_frontend/src/App.js", "pattern": "/^const seedNotes = [$/", "language": "JavaScript", "kind": "constant"}, {"_type": "tag", "name": "title", "path": "/home/kavia/workspace/code-generation/simple-notes-app-312508-312524/notes_frontend/src/App.js", "pattern": "/^          title,$/", "language": "JavaScript", "kind": "field", "scope": "App.newNote", "scopeKind": "class"}], "hash": "f39d1132f12907f9ed99a030405632b4", "format-version": 4, "code-base-name": "notes_frontend", "filename": "notes_frontend/src/App.js", "fields": [{"name": "note={activeNote}", "scope": "App.note", "scopeKind": "class", "description": "unavailable"}, {"name": "selectedNoteId={activeNoteId}", "scope": "App.selectedNoteId", "scopeKind": "class", "description": "unavailable"}, {"name": "onCancel={closeConfirm}", "scope": "App.destructive", "scopeKind": "class", "description": "unavailable"}, {"name": "onClose={closeEditor}", "scope": "App.onClose", "scopeKind": "class", "description": "unavailable"}, {"name": "onConfirm={confirmDelete}", "scope": "App.onConfirm", "scopeKind": "class", "description": "unavailable"}, {"name": "isOpen={confirmState.isOpen}", "scope": "App.isOpen", "scopeKind": "class", "description": "unavailable"}, {"name": "mode={editorMode}", "scope": "App.mode", "scopeKind": "class", "description": "unavailable"}, {"name": "errorMessage={errorMessage}", "scope": "App.errorMessage", "scopeKind": "class", "description": "unavailable"}, {"name": "onSave={handleSave}", "scope": "App.onSave", "scopeKind": "class", "description": "unavailable"}, {"name": "id: `local_${Date.now()}`,", "scope": "App.newNote", "scopeKind": "class", "description": "unavailable"}, {"name": "isOpen={isEditorOpen}", "scope": "App.isOpen", "scopeKind": "class", "description": "unavailable"}, {"name": "disabled={isLoading}", "scope": "App.disabled", "scopeKind": "class", "description": "unavailable"}, {"name": "isLoading={isLoading}", "scope": "App.isLoading", "scopeKind": "class", "description": "unavailable"}, {"name": "isSaving={isLoading}", "scope": "App.isSaving", "scopeKind": "class", "description": "unavailable"}, {"name": "notes={notes}", "scope": "App.notes", "scopeKind": "class", "description": "unavailable"}, {"name": "onClick={openCreate}", "scope": "App.onClick", "scopeKind": "class", "description": "unavailable"}, {"name": "onCreateNote={openCreate}", "scope": "App.onCreateNote", "scopeKind": "class", "description": "unavailable"}, {"name": "title,", "scope": "App.newNote", "scopeKind": "class", "description": "unavailable"}]}