{"is_source_file": false, "format": "", "description": "", "external_files": [], "external_methods": [], "published": [], "classes": [], "methods": [], "calls": [], "search-terms": [], "state": 2, "file_id": 3, "knowledge_revision": 35, "git_revision": "efb2bbf49114da372edc9728d73226ffc5d375d5", "hash": "9deddac76b52d654eb76fc38065d6876", "format-version": 4, "code-base-name": "notes_frontend", "filename": "notes_frontend/src/index.css", "revision_history": [{"35": "efb2bbf49114da372edc9728d73226ffc5d375d5"}]}