{"is_source_file": false, "format": "", "description": "", "external_files": [], "external_methods": [], "published": [], "classes": [], "methods": [], "calls": [], "search-terms": [], "state": 2, "file_id": 6, "knowledge_revision": 41, "git_revision": "937df169c36f0b587bb4e35e2abac830ede73a56", "revision_history": [{"27": "efb2bbf49114da372edc9728d73226ffc5d375d5"}, {"41": "937df169c36f0b587bb4e35e2abac830ede73a56"}], "hash": "514b40fa3aae296ca1b61f9bdfa35dde", "format-version": 4, "code-base-name": "notes_frontend", "filename": "notes_frontend/src/App.css"}